{
    "bumpData": [
        {
            "x0": -0.250919762305275,
            "y0": 0.9014286128198323,
            "height": 0.24639878836228102,
            "sigma": 0.49932924209851826
        },
        {
            "x0": -0.687962719115127,
            "y0": -0.6880109593275947,
            "height": 0.1116167224336399,
            "sigma": 0.6330880728874675
        },
        {
            "x0": 0.2022300234864176,
            "y0": 0.416145155592091,
            "height": 0.10411689885916049,
            "sigma": 0.6849549260809971
        }
    ],
    "monitor_size": 1,
    "seed": 42,
    "halfWidth_x": 1.0,
    "halfWidth_y": 1.0,
    "halfWidth_z": 2.0,
    "resolution": 10,
    "pml_thickness": 2,
    "omega": 2.0,
    "epsilon1": 2.56,
    "k": [
        0.0,
        0.0,
        -1.0
    ],
    "betas": [
        0.0,
        0.2617993877991494,
        0.5235987755982988,
        0.7853981633974483,
        1.0471975511965976,
        1.308996938995747,
        1.5707963267948966
    ],
    "alpha": 0.86
}