Ex_Re,Ex_Im,Ey_Re,Ey_Im,Ez_Re,Ez_Im,Hx_Re,Hx_Im,Hy_Re,Hy_Im,Hz_Re,Hz_Im
-0.18941706844942002,0.32298723895679043,0.4125876485996713,-0.7035297639212847,0.22317058015025126,-0.38054252496449437,0.000974318156625369,-0.0016613726199544146,-5.1728247960944275e-05,8.82051661011689e-05,0.0009225899086644248,-0.0015731674538532457
