Ex_Re,Ex_Im,Ey_Re,Ey_Im,Ez_Re,Ez_Im,Hx_Re,Hx_Im,Hy_Re,Hy_Im,Hz_Re,Hz_Im
-0.031440056737904454,0.0222596720290216,-0.5921835618364687,0.41926806867258204,-0.5607435050985643,0.3970083966435604,-0.0008111730792949992,0.0005743134261621463,-0.001766894589454846,0.0012509676556563053,-0.0009557215101598469,0.0006766542294941592
