Ex_Re,Ex_Im,Ey_Re,Ey_Im,Ez_Re,Ez_Im,Hx_Re,Hx_Im,Hy_Re,Hy_Im,Hz_Re,Hz_Im
0.09224188929202977,0.243221861668152,0.26032937632342895,0.6864321193144117,-0.2224065774537443,-0.586437921325358,-0.24768844336686743,-0.6531007199847272,0.20976564449718269,0.5531065219956735,0.14280562111827602,0.3765474589868904
0.2198557608542467,-0.13902835880742107,0.6204872162049746,-0.392372339914043,-0.5300993689567342,0.33521452876444263,-0.5903579337888945,0.3733197361975096,0.499970086540654,-0.31616192504790913,0.3403728905185674,-0.21523877367355493
-0.2567572546951574,-0.041727117021078716,-0.7246323388898934,-0.11776422223401671,0.6190734241401042,0.10060922813808709,0.6894460339732971,0.11204589086870684,-0.5838871192235079,-0.0948908967727772,-0.397502474361543,-0.06460044248231822
-0.18019548708830654,0.1876033756798974,-0.5085561357213945,0.5294630255490395,0.4344735549490038,-0.4523348884544172,0.48386194213059763,-0.5037536465174988,-0.4097793613582069,0.42662550942287647,-0.27897226145149406,0.2904408918060605
-0.14776830525043488,-0.21407935000111308,-0.4170386257422383,-0.6041847591941107,0.3562876181215541,0.5161717295981684,0.3967882898686769,0.5748470826621299,-0.3360372822479926,-0.48683405306618766,-0.22876964874468053,-0.331430056129036
0.05203184749842928,-0.25486884270028964,0.14684671478636185,-0.7193027741916982,-0.12545520489161024,0.6145202297961389,-0.13971621148811134,0.6843752593931784,0.11832470159335967,-0.5795927149976189,0.08055386069143146,-0.39457890189436884
