Ex_Re,Ex_Im,Ey_Re,Ey_Im,Ez_Re,Ez_Im,Hx_Re,Hx_Im,Hy_Re,Hy_Im,Hz_Re,Hz_Im
-0.012786189962589942,-0.036338457765332045,-0.24083199268643823,-0.6844465177181072,-0.22804580272384828,-0.648108059952775,-0.12428019537336711,-0.3532053445049505,-0.27070672139716717,-0.7693507441281519,-0.14642652602380007,-0.41614539962320135
-0.029174604272213415,0.025155767372155465,-0.5495130373686576,0.47381695419184405,-0.5203384330964441,0.44866118681968853,-0.28357356878787693,0.24451096792129856,-0.6176790344659434,0.5325930030345538,-0.33410546567806654,0.28808203511325525
0.014046131448506666,0.03587027122637254,0.2645633950517588,0.6756280739552278,0.25051726360325205,0.6397578027288552,0.13652667180511782,0.34865462887321697,0.29738195692884023,0.7594383899917871,0.1608552851237224,0.4107837611185702
0.03406165751389032,-0.017993711510655496,0.6415622540627104,-0.3389173328110233,0.60750059654882,-0.32092362130036783,0.3310751258156301,-0.17489666496267953,0.7211467730353284,-0.3809593524785512,0.39007164721969834,-0.2060626875158717
-0.03852233334732279,-5.374433318076574e-17,-0.7255805153928568,-1.012291768963045e-15,-0.687058182045534,-9.58547435782279e-16,-0.3744323468250347,-5.223883148505922e-16,-0.8155873322337371,-1.1378645453891807e-15,-0.44115498540870257,-6.154762305385886e-16
-0.0056680082275809614,0.038103068764265356,-0.10675875456295442,0.7176835323747721,-0.10109074633537345,0.6795804636105067,-0.05509234353334515,0.37035714659353736,-0.12000196529457895,0.8067107442110728,-0.0649096217612338,0.43635359761753556
