Ex_Re,Ex_Im,Ey_Re,Ey_Im,Ez_Re,Ez_Im,Hx_Re,Hx_Im,Hy_Re,Hy_Im,Hz_Re,Hz_Im
-0.25124488267216555,0.06545062427201907,-0.5231316396680477,0.13627856626793655,-0.7743765223402133,0.20172919053995564,-0.0019884693637391058,0.0005180068139828723,0.0015717949238219806,-0.000409460912785932,-0.00041667443991712526,0.00010854590119694035
