Ex_Re,Ex_Im,Ey_Re,Ey_Im,Ez_Re,Ez_Im,Hx_Re,Hx_Im,Hy_Re,Hy_Im,Hz_Re,Hz_Im
-0.256942,-0.730232,-0.203101,-0.577216,0.0538411,0.153017,0.0861755,0.244911,-0.179431,-0.509944,-0.265606,-0.754856
-0.586273,0.505513,-0.463422,0.399585,0.122851,-0.105928,0.196629,-0.169543,-0.409413,0.353015,-0.606041,0.522559
0.282261,0.720824,0.223115,0.569779,-0.0591465,-0.151045,-0.0946671,-0.241756,0.197112,0.503374,0.291779,0.74513
0.684479,-0.361589,0.54105,-0.28582,-0.143429,0.0757693,-0.229566,0.121273,0.477993,-0.252509,0.70756,-0.373782
-0.774118,-6.64621e-09,-0.611905,-5.25353e-09,0.162213,1.39268e-09,0.25963,2.22906e-09,-0.540591,-4.64126e-09,-0.800221,-6.87032e-09
0.38408,0.672117,0.303597,0.531278,-0.0804821,-0.140839,-0.128816,-0.22542,0.268215,0.469361,0.397031,0.694781
