Ex_Re,Ex_Im,Ey_Re,Ey_Im,Ez_Re,Ez_Im,Hx_Re,Hx_Im,Hy_Re,Hy_Im,Hz_Re,Hz_Im
0.0922419,0.243222,0.260329,0.686432,-0.222407,-0.586438,-0.247688,-0.653101,0.209766,0.553107,0.142806,0.376547
0.219856,-0.139028,0.620487,-0.392372,-0.530099,0.335215,-0.590358,0.37332,0.49997,-0.316162,0.340373,-0.215239
-0.256757,-0.0417271,-0.724632,-0.117764,0.619073,0.100609,0.689446,0.112046,-0.583887,-0.0948909,-0.397502,-0.0646004
-0.180195,0.187603,-0.508556,0.529463,0.434474,-0.452335,0.483862,-0.503754,-0.409779,0.426626,-0.278972,0.290441
-0.147768,-0.214079,-0.417039,-0.604185,0.356288,0.516172,0.396788,0.574847,-0.336037,-0.486834,-0.22877,-0.33143
0.0520318,-0.254869,0.146847,-0.719303,-0.125455,0.61452,-0.139716,0.684375,0.118325,-0.579593,0.0805538,-0.394579
