Ex_Re,Ex_Im,Ey_Re,Ey_Im,Ez_Re,Ez_Im,Hx_Re,Hx_Im,Hy_Re,Hy_Im,Hz_Re,Hz_Im
0.0385204,0.000387269,-0.725544,-0.00729434,0.687023,0.00690707,0.815546,0.00819919,-0.374413,-0.00376421,-0.441133,-0.00443498
