Ex_Re,Ex_Im,Ey_Re,Ey_Im,Ez_Re,Ez_Im,Hx_Re,Hx_Im,Hy_Re,Hy_Im,Hz_Re,Hz_Im
-0.256942,-0.730232,-0.203101,-0.577216,0.0538411,0.153017,0.000228582,0.000649632,-0.000475944,-0.00135264,-0.000704526,-0.00200227
