Ex_Re,Ex_Im,Ey_Re,Ey_Im,Ez_Re,Ez_Im,Hx_Re,Hx_Im,Hy_Re,Hy_Im,Hz_Re,Hz_Im
-0.240832,-0.684447,-0.0127862,-0.0363385,0.228046,0.648108,-0.12428,-0.353205,-0.270707,-0.769351,-0.146427,-0.416145
-0.549513,0.473817,-0.0291746,0.0251558,0.520338,-0.448661,-0.283574,0.244511,-0.617679,0.532593,-0.334105,0.288082
0.264563,0.675628,0.0140461,0.0358703,-0.250517,-0.639758,0.136527,0.348655,0.297382,0.759438,0.160855,0.410784
0.641562,-0.338917,0.0340617,-0.0179937,-0.607501,0.320924,0.331075,-0.174897,0.721147,-0.380959,0.390072,-0.206063
-0.725581,-2.02458e-15,-0.0385223,-1.07489e-16,0.687058,1.91709e-15,-0.374432,-1.04478e-15,-0.815587,-2.27573e-15,-0.441155,-1.23095e-15
-0.106759,0.717684,-0.00566801,0.0381031,0.101091,-0.67958,-0.0550923,0.370357,-0.120002,0.806711,-0.0649096,0.436354
