Parameter,Value
mu,1.0
epsilon,1.0
omega,6.283185307179586
polarization,1.0
propagation_x,0.5773502691896258
propagation_y,0.5773502691896258
propagation_z,-0.5773502691896258
