Parameter,Value
mu,1.0
epsilon,1.0
omega,19332877.86824488
polarization,1.0
propagation_x,0.6666666666666666
propagation_y,0.3333333333333333
propagation_z,-0.6666666666666666
