Parameter,Value
mu,1.25663706127e-06
epsilon,8.8541878188e-12
omega,1.0
polarization,0.588326242922761
propagation_x,0.8727531115040178
propagation_y,0.4492278849072966
propagation_z,0.19104008422781957
