Ex_Re,Ex_Im,Ey_Re,Ey_Im,Ez_Re,Ez_Im,Hx_Re,Hx_Im,Hy_Re,Hy_Im,Hz_Re,Hz_Im
68.6097,51.1322,377.361,281.218,-240.141,-178.953,-369.483,-275.345,184.741,137.673,184.741,137.673
456.782,912.46,274.064,547.478,91.3548,182.493,2.84217e-14,2.84217e-14,170.911,341.412,-512.734,-1024.23
-0.0283208,0.00143852,39.1095,770.525,-39.1662,-770.522,45.1925,889.724,-22.5962,-444.862,-22.5962,-444.862
399.684,798.403,319.743,638.724,-79.9405,-159.679,-299.095,-597.47,299.095,597.47,-299.095,-597.47
0.000247844,-0.000137793,-37.489,-67.4311,37.4895,67.4308,43.2889,77.8626,-21.6444,-38.9313,-21.6444,-38.9313
