{
    "bumpData": [
        {
            "x0": -0.250919762305275,
            "y0": 0.9014286128198323,
            "height": 0.31959818254342154,
            "sigma": 0.49932924209851826
        },
        {
            "x0": -0.687962719115127,
            "y0": -0.6880109593275947,
            "height": 0.11742508365045984,
            "sigma": 0.6330880728874675
        },
        {
            "x0": 0.2022300234864176,
            "y0": 0.416145155592091,
            "height": 0.10617534828874074,
            "sigma": 0.6849549260809971
        }
    ],
    "seed": 42,
    "width": 1.0,
    "resolution": 20,
    "omega": 1.0,
    "epsilon1": 2.56,
    "k": [
        0.5773502691896258,
        0.5773502691896258,
        -0.5773502691896258
    ],
    "betas": [
        0.0,
        0.39269908169872414,
        0.7853981633974483,
        1.1780972450961724,
        1.5707963267948966
    ],
    "alpha": 0.86
}