{
    "bumpData": [
        {
            "x0": -0.250919762305275,
            "y0": 0.9014286128198323,
            "height": 0.31959818254342154,
            "sigma": 0.49932924209851826
        },
        {
            "x0": -0.687962719115127,
            "y0": -0.6880109593275947,
            "height": 0.11742508365045984,
            "sigma": 0.6330880728874675
        },
        {
            "x0": 0.2022300234864176,
            "y0": 0.416145155592091,
            "height": 0.10617534828874074,
            "sigma": 0.6849549260809971
        }
    ],
    "seed": 42,
    "halfWidth_x": 1.0,
    "halfWidth_y": 1.0,
    "halfWidth_z": 2.0,
    "resolution": 10,
    "omega": 1.0,
    "epsilon1": 2.56,
    "k": [
        0.7070360811132632,
        0.7070360811132632,
        -0.014140721622265264
    ],
    "betas": [
        0.0
    ],
    "alpha": 0.86
}