x,y,z,tau1_x,tau1_y,tau1_z,tau2_x,tau2_y,tau2_z,normal_x,normal_y,normal_z
-0.349604,-0.349817,1.14,0.999996,0,-0.00282588,-3.69793e-06,0.999999,-0.00130859,0.00282588,0.00130859,0.999995
-0.347646,5.70778e-05,1.14001,0.999859,0,-0.0168168,-6.85617e-06,1,-0.000407641,0.0168168,0.000407698,0.999859
-0.440678,0.351141,1.10507,0.761877,0,0.647721,0.00528014,0.999967,-0.00621073,-0.6477,0.00815187,0.761852
-0.000120618,-0.356514,1.13966,1,0,0.000862489,-4.01276e-05,0.998917,0.0465253,-0.000861555,-0.0465254,0.998917
-0.000718585,-0.00203157,1.13887,0.999987,0,0.00513329,-7.44902e-05,0.999895,0.014511,-0.00513275,-0.0145112,0.999882
0.0329922,0.301577,1.1836,0.967945,0,-0.251161,0.0868711,0.938279,0.334792,0.235659,-0.345879,0.908203
0.350086,-0.349782,1.14001,1,0,-0.000615555,-9.5719e-07,0.999999,-0.001555,0.000615554,0.001555,0.999999
0.350513,6.78347e-05,1.14004,0.999993,0,-0.00366363,-1.77515e-06,1,-0.00048453,0.00366363,0.000484533,0.999993
0.324509,0.35175,1.13576,0.983281,0,0.182092,0.0022764,0.999922,-0.0122923,-0.182078,0.0125013,0.983205
