bump_id,x0,y0,height,sigma
0,2.3723438948818627,-2.5325216810706896,0.3339073000818308,0.49842507897324345
1,-0.43333797717127087,-3.200200673455977,0.23777466758976018,0.36685430556951093
2,-2.8570654566244738,1.207107783590823,0.11692347370813008,0.5609993861334124
3,3.5084216721260013,-3.9937698732718854,0.3976634677873653,0.5087407548138583
