bump_id,x0,y0,height,sigma
0,3.2049716441173697,-2.6184373514244346,0.3566862845006943,0.5045178007249862
1,0.7804496417098932,-2.8682866110638114,0.16735177712044924,0.549210117954695
2,3.2254281899208737,1.0637048351396867,0.10154774456698834,0.48617824563009
3,-1.1080292473196582,0.8330555059815783,0.2175298584938063,0.6059738740659731
