theta_deg,flux_TE,flux_TM
0,-495.0315972052509,-495.04342194213507
10,-495.0328191754981,-495.04404083457973
20,-495.0328071584158,-495.0444295337093
30,-495.0322462325943,-495.0462464145841
40,-495.0338851555071,-495.0480245006754
50,-495.03678507265175,-495.0502473175438
60,-495.03642496482405,-495.0514174770227
70,-495.03786598710144,-495.0517910976663
80,-495.03866462291506,-495.05299163057686
