x0,y0,height,sigma
-0.20073580984422001,0.7211428902558659,0.31959818254342154,0.49932924209851826
