x0,y0,height,sigma
-0.20073580984422001,0.7211428902558659,0.31959818254342154,0.49932924209851826
-0.5503701752921016,-0.5504087674620758,0.11742508365045984,0.6330880728874675
0.16178401878913407,0.3329161244736727,0.10617534828874074,0.6849549260809971
