x0,y0,height,sigma
-2.0073580984422,7.211428902558659,0.31959818254342154,0.49932924209851826
-5.503701752921016,-5.504087674620758,0.11742508365045984,0.6330880728874675
1.6178401878913409,3.329161244736728,0.10617534828874074,0.6849549260809971
