Parameter,Value
mu,1.0
epsilon,1.0
omega,1.0
position_x,-2.50919762305275
position_y,9.014286128198322
position_z,4.639878836228101
direction_x,0.19875461530459676
direction_y,-0.6929751997230591
direction_z,-0.6930237914126096
