Ex_Re,Ex_Im,Ey_Re,Ey_Im,Ez_Re,Ez_Im,Hx_Re,Hx_Im,Hy_Re,Hy_Im,Hz_Re,Hz_Im
1.4895669193577965,-0.3520855577849596,-1.8619813596988948,0.4400108501806661,-0.3724144403410994,0.08792529239570676,-1.3933744061018931,0.32929451600532095,-1.3933744061018931,0.32929451600532095,1.3933744061018931,-0.32929451600532095
2.278935269091409,-0.09139328184173201,3.4184035591485,-0.13707357592047903,5.554905455860619,-0.22275273429183792,-3.0813071466186366,0.12356098543101696,-4.621960719927955,0.18534147814652543,4.108409528824848,-0.16474798057468926
-0.09791543451936807,-1.9263049259223501,-7.080196999268614e-05,3.5963048800570177e-06,0.09777383057938269,1.92631211853211,0.05649062494591078,1.1121547439440658,-0.11298124989182157,-2.2243094878881315,0.05649062494591078,1.1121547439440658
-2.1225215043804186,-0.45158035734327434,-0.6351233994583805,-0.13493893925156825,2.0555812418978148,0.43777640398513235,1.6586659530273595,0.35303391158399455,-2.322132334238304,-0.4942474762175925,0.9951995718164157,0.21182034695039675
-0.09791543451936807,-1.9263049259223501,-7.080196999268614e-05,3.5963048800570177e-06,0.09777383057938269,1.92631211853211,0.05649062494591078,1.1121547439440658,-0.11298124989182157,-2.2243094878881315,0.05649062494591078,1.1121547439440658
