Ex_Re,Ex_Im,Ey_Re,Ey_Im,Ez_Re,Ez_Im,Hx_Re,Hx_Im,Hy_Re,Hy_Im,Hz_Re,Hz_Im
-26516688544316.996,5109138166263.395,9395046203664.812,21269762328776.324,-17121642340652.18,26378900495039.727,3.475081446426087e+16,2.9843600849630304e+16,-6.950162892852174e+16,-5.968720169926061e+16,3.475081446426087e+16,2.9843600849630304e+16
19192532896207.008,16288360206130.207,24294761846488.32,28490968609154.08,41726006749454.62,44268609839895.99,3.314697874746857e+16,3.6704791712632296e+16,-6.629395749493714e+16,-7.340958342526459e+16,3.314697874746857e+16,3.6704791712632296e+16
-34025712264240.023,-2097468804208.1094,-21668227975611.477,14937036688899.623,-9310743686982.928,31971542182007.367,3.0499346118923964e+16,4.424350013835371e+16,-6.099869223784793e+16,-8.848700027670742e+16,3.0499346118923964e+16,4.424350013835371e+16
