Ex_Re,Ex_Im,Ey_Re,Ey_Im,Ez_Re,Ez_Im,Hx_Re,Hx_Im,Hy_Re,Hy_Im,Hz_Re,Hz_Im
-0.030639066089457503,0.005346679441420685,0.03820091138427846,0.003199510928243203,0.007561845294821002,0.008546190369663888,-0.028659619472383956,-0.00028396486992073294,-0.028659619472383956,-0.00028396486992073294,0.028659619472383956,0.00028396486992073294
0.03018914622075125,0.034145360970430944,0.04403896708823752,0.05228213561296594,0.07218569763983065,0.0844264232924099,0.04011540464835441,0.04692605402160746,0.06017310697253162,0.07038908103241119,-0.053487206197805906,-0.06256807202880997
-0.00010081654962749986,-0.03918377474760456,-0.006982596171618285,-0.001268054786874842,-0.013864375793609073,0.03664766517385487,0.003983711602795369,-0.02193647283574023,-0.007967423205590738,0.04387294567148046,0.003983711602795369,-0.02193647283574023
-0.011815541040900247,-0.10330809348973245,4.2772721521237853e-17,-0.05939138709164986,0.002363108208180118,-0.07436460064869327,0.0007877027360600109,0.014847846772912468,-0.0063016218884800876,-0.11878277418329974,0.003938513680300054,0.07423923386456233
-0.004892338970314619,-0.007047419871714881,-0.00029550938638094515,0.00018774999356596607,0.0043013201975527285,0.007422919858846814,0.0026542530022426627,0.004177665527945429,-0.0053085060044853255,-0.008355331055890858,0.002654253002242662,0.0041776655279454275
