Ex_Re,Ex_Im,Ey_Re,Ey_Im,Ez_Re,Ez_Im,Hx_Re,Hx_Im,Hy_Re,Hy_Im,Hz_Re,Hz_Im
68.60973386108358,51.132244314824725,377.3605478408355,281.2179349360088,-240.1410801186684,-178.9534463063594,-369.4825363528307,-275.34507957959903,184.74126817641536,137.67253978979952,184.74126817641536,137.67253978979952
456.7819887781975,912.4598809669678,274.0643029050973,547.4783767042054,91.35476763503245,182.49279223473513,-0.0,0.0,170.9112989126999,341.41166157411465,-512.7338967380997,-1024.234984722344
-0.02832078799709541,0.0014385219516106866,39.10953222054047,770.5248474134133,-39.166173796534665,-770.5219703695102,45.192499943781456,889.7237951559106,-22.596249971890728,-444.8618975779553,-22.596249971890728,-444.8618975779553
399.6835609640032,798.4027358633225,319.7430451564527,638.7240927871215,-79.9405158075505,-159.67864307620093,-299.09477309722485,-597.4704077547007,299.0947730972249,597.4704077547008,-299.0947730972249,-597.4704077547008
0.0002478442842504424,-0.00013779277403344798,-37.489019046311824,-67.43110857313269,37.489514734880316,67.4308329875846,43.28887666205129,77.86257826358145,-21.644438331025643,-38.93128913179073,-21.644438331025643,-38.93128913179073
