Ex_Re,Ex_Im,Ey_Re,Ey_Im,Ez_Re,Ez_Im,Hx_Re,Hx_Im,Hy_Re,Hy_Im,Hz_Re,Hz_Im
-1.169043299439638e-16,-3396656.003843841,-2.338086598879276e-16,-6793312.007687682,-2.119351117537469e-16,-10189968.011531524,0.0,0.0,0.0,0.0,0.0,0.0
-5.944161480223048e-17,3145.815662471964,-1.1888322960446096e-16,4491.145279969474,-1.7724064223420592e-16,-14869.114619739234,4.200086806291648e-06,-5.0473618920020085e-26,-2.362548828539052e-06,2.8391410642511297e-26,1.7500361692881867e-07,-2.1030674550008368e-27
-5.943145040657793e-17,2.6868124488977676,-1.1886628894494488e-16,-3.595346276299411,-1.7830451561510086e-16,-5.804402742597889,9.384727160308467e-10,-2.657488060965482e-26,-1.5814659036480247e-08,4.478262059171546e-25,1.0230281785643214e-08,-2.8969251040821807e-25
