Parameter,Value
mu,1.25663706127e-06
epsilon,8.8541878188e-12
omega,1.0
position_x,1.0
position_y,1.0
position_z,1.0
direction_x,0.2672612419124244
direction_y,0.5345224838248488
direction_z,0.8017837257372732
