Parameter,Value
mu,1.0
epsilon,1.0
omega,6.283185307179586
position_x,1.0
position_y,1.0
position_z,1.0
direction_x,0.2672612419124244
direction_y,0.5345224838248488
direction_z,0.8017837257372732
