Ex_Re,Ex_Im,Ey_Re,Ey_Im,Ez_Re,Ez_Im,Hx_Re,Hx_Im,Hy_Re,Hy_Im,Hz_Re,Hz_Im
-0.0306391,0.00534668,0.0382009,0.00319951,0.00756185,0.00854619,-0.0286596,-0.000283965,-0.0286596,-0.000283965,0.0286596,0.000283965
0.0301891,0.0341454,0.044039,0.0522821,0.0721857,0.0844264,0.0401154,0.0469261,0.0601731,0.0703891,-0.0534872,-0.0625681
-0.000100817,-0.0391838,-0.0069826,-0.00126805,-0.0138644,0.0366477,0.00398371,-0.0219365,-0.00796742,0.0438729,0.00398371,-0.0219365
-0.0118155,-0.103308,-1.66533e-16,-0.0593914,0.00236311,-0.0743646,0.000787703,0.0148478,-0.00630162,-0.118783,0.00393851,0.0742392
-0.00489234,-0.00704742,-0.000295509,0.00018775,0.00430132,0.00742292,0.00265425,0.00417767,-0.00530851,-0.00835533,0.00265425,0.00417767
