Ex_Re,Ex_Im,Ey_Re,Ey_Im,Ez_Re,Ez_Im,Hx_Re,Hx_Im,Hy_Re,Hy_Im,Hz_Re,Hz_Im
-3.67211e+14,3.41107e+12,-4.12226e+13,3.10533e+12,2.58386e+14,1.30721e+13,2.71334e+11,2.68842e+09,-1.14939e+12,-1.13884e+10,2.0224e+11,2.00383e+09
-4.53336e+13,-8.08678e+13,-9.78036e+13,-9.58239e+13,2.57647e+14,3.01337e+14,3.79791e+11,4.4427e+11,5.69686e+11,6.66406e+11,2.83079e+11,3.3114e+11
5.80053e+13,-3.37644e+14,3.08155e+12,-3.50372e+13,-7.06064e+13,3.70953e+14,1.13147e+11,-6.23048e+11,-1.97482e+11,1.08744e+12,8.43347e+10,-4.64392e+11
-3.77803e+07,4.58205e+07,-4.23046e+07,5.13076e+07,1.56096e+07,-1.89315e+07,112103,-135960,-69283.4,84027.8,83556.5,-101339
