Ex_Re,Ex_Im,Ey_Re,Ey_Im,Ez_Re,Ez_Im,Hx_Re,Hx_Im,Hy_Re,Hy_Im,Hz_Re,Hz_Im
-6.95796e+10,7.02052e+12,-3.47824e+10,3.51026e+12,-1.04328e+11,1.05308e+13,2.71334e+11,2.68842e+09,-1.14939e+12,-1.13884e+10,2.0224e+11,2.00383e+09
1.37553e+13,-1.1759e+13,-9.17024e+12,7.8393e+12,1.33269e+07,1.55868e+07,3.79791e+11,4.4427e+11,5.69686e+11,6.66406e+11,2.83079e+11,3.3114e+11
-3.17318e+12,-5.76274e+11,-3.17318e+12,-5.76259e+11,-3.17319e+12,-5.76238e+11,1.13147e+11,-6.23048e+11,-1.97482e+11,1.08744e+12,8.43347e+10,-4.64392e+11
