Ex_Re,Ex_Im,Ey_Re,Ey_Im,Ez_Re,Ez_Im,Hx_Re,Hx_Im,Hy_Re,Hy_Im,Hz_Re,Hz_Im
-1.3038,1.44102,-0.390504,0.582259,0.90152,-0.669358,40767.4,-42287.8,-65963,68423.2,30386.2,-31519.5
-0.124952,0.120322,-0.00353514,0.00355064,-0.000234837,0.00718213,180.922,-174.523,-6403.74,6177.28,134.851,-130.082
0.00126977,-0.0108927,0.00104503,-0.00911387,-0.000463704,0.00380089,-57.3019,493.126,50.6738,-436.086,-42.7103,367.555
