Ex_Re,Ex_Im,Ey_Re,Ey_Im,Ez_Re,Ez_Im,Hx_Re,Hx_Im,Hy_Re,Hy_Im,Hz_Re,Hz_Im
0.00147189,-0.00268471,-0.00192556,0.00330683,-0.000453668,0.000622119,-0.00142266,0.00248514,-0.00142266,0.00248514,0.00142266,-0.00248514
-0.00158496,-0.00427728,-0.00236209,-0.00642158,-0.00384607,-0.0104322,0.00213346,0.00578688,0.00320019,0.00868032,-0.00284461,-0.00771584
-0.00304369,-0.00237099,-4.45871e-05,5.51176e-05,0.00295452,0.00248123,0.00173157,0.00140074,-0.00346314,-0.00280149,0.00173157,0.00140074
-0.00339465,0.00270975,-0.000907132,0.000958862,0.00354111,-0.0022789,0.00273507,-0.00200583,-0.0038291,0.00280816,0.00164104,-0.0012035
-0.00304369,-0.00237099,-4.45871e-05,5.51176e-05,0.00295452,0.00248123,0.00173157,0.00140074,-0.00346314,-0.00280149,0.00173157,0.00140074
