Parameter,Value
mu,1.0
epsilon,1.0
omega,19332877.86824488
polarization,0.2
propagation_x,0.5773502691896258
propagation_y,0.5773502691896258
propagation_z,-0.5773502691896258
